{
  "Buckler Sound": {
    "x": 58.67491463272725,
    "y": -88.28171235980238
  },
  "Fading Lights": {
    "x": 69.07626538181816,
    "y": -95.41221065939726
  },
  "The Cord": {
    "x": 61.09065025454544,
    "y": -95.52107908451063
  },
  "The Heir's Knife": {
    "x": 47.77505415272725,
    "y": -98.65651883126793
  },
  "The Long Fast": {
    "x": 54.32509016727272,
    "y": -103.4037095763116
  },
  "The Reach": {
    "x": 69.6824338181818,
    "y": -76.25105947141682
  },
  "Trammel Pool": {
    "x": 71.00624938181815,
    "y": -86.11112553556532
  },
  "World's End": {
    "x": 44.913102618181796,
    "y": -89.79367707679975
  },
  "Belaying Trace": {
    "x": 186.01446152727272,
    "y": -170.78913932390515
  },
  "Homesick": {
    "x": 190.98336567272727,
    "y": -163.57949564918036
  },
  "Mercy's Wail": {
    "x": 198.39465550545455,
    "y": -171.14583849705255
  },
  "Rumhold": {
    "x": 186.49370842181818,
    "y": -157.97574559260292
  },
  "Scurvyshire": {
    "x": 191.89075208727274,
    "y": -156.61847440197437
  },
  "The Stone Plank": {
    "x": 209.24794632727273,
    "y": -166.1360866865556
  },
  "The Turncoat": {
    "x": 192.64187982545457,
    "y": -177.61222090137423
  },
  "Camp Senti": {
    "x": 122.16120087272728,
    "y": -203.06383490876846
  },
  "Dendró Field": {
    "x": 140.62498909090908,
    "y": -207.06822350913873
  },
  "Leto": {
    "x": 116.1767382109091,
    "y": -208.7837514337747
  },
  "Lionsfort": {
    "x": 137.10822074181817,
    "y": -193.38856352451432
  },
  "Myrmidon's Stay": {
    "x": 132.92833978181818,
    "y": -197.7248528652915
  },
  "Remnant Villa": {
    "x": 130.37878923636364,
    "y": -206.1792013077753
  },
  "Sitaria": {
    "x": 129.74796800000001,
    "y": -213.37137684071192
  },
  "The Swan": {
    "x": 123.80142498909092,
    "y": -223.67323915761452
  },
  "Violethome": {
    "x": 119.29612753454546,
    "y": -196.2163970942793
  },
  "Alchimio Estate": {
    "x": 223.78755892363637,
    "y": -131.84517495274045
  },
  "Isle of Psyche": {
    "x": 221.33125614545455,
    "y": -156.64421032090792
  },
  "Liar's Haven": {
    "x": 240.85556392727273,
    "y": -154.58825820234912
  },
  "Lost Airchal": {
    "x": 237.62717399272728,
    "y": -132.01625551887187
  },
  "Reef": {
    "x": 242.73529745454545,
    "y": -140.62310263294108
  },
  "Surge Gate": {
    "x": 228.12613521454546,
    "y": -145.68476144900407
  },
  "The Gale": {
    "x": 232.10849169454545,
    "y": -160.05863848242723
  },
  "The Iris": {
    "x": 238.62293207272728,
    "y": -147.37034542734415
  },
  "The Rush": {
    "x": 233.79549818181817,
    "y": -143.11167735776004
  },
  "Checkpoint Bua": {
    "x": 169.30300185454547,
    "y": -104.53961745808868
  },
  "Lockheed": {
    "x": 169.46084214545454,
    "y": -123.91947171611511
  },
  "Maiden's Veil": {
    "x": 163.72701651636365,
    "y": -108.7081445145667
  },
  "Mox": {
    "x": 172.70073811636365,
    "y": -92.42421455528805
  },
  "Oster Wall": {
    "x": 176.84499923636366,
    "y": -106.68719559343069
  },
  "Sanctum": {
    "x": 150.13411144000003,
    "y": -98.66238486764652
  },
  "The Spitrocks": {
    "x": 156.16519356363636,
    "y": -117.00903693374596
  },
  "Blackthroat": {
    "x": 157.45109459636365,
    "y": -80.77106267930989
  },
  "Earl Crowley": {
    "x": 177.64021436363637,
    "y": -68.09508781840944
  },
  "Fleck Crossing": {
    "x": 164.40767676363637,
    "y": -69.05074250561262
  },
  "Fort Viper": {
    "x": 155.54822890909094,
    "y": -71.52797775202745
  },
  "Kirknell": {
    "x": 152.79494751272728,
    "y": -69.4740451417266
  },
  "Moltworth": {
    "x": 168.65513567272728,
    "y": -76.01669723816178
  },
  "Serenity's Blight": {
    "x": 160.29776200000003,
    "y": -61.53522918914007
  },
  "The Friars": {
    "x": 152.15902349818185,
    "y": -80.26312088003252
  },
  "Firstmarch": {
    "x": 178.82623769454545,
    "y": -183.92258233696907
  },
  "Gorgon Grove": {
    "x": 150.03270285818184,
    "y": -182.66159573736266
  },
  "Limewood Holdfast": {
    "x": 161.58571056727274,
    "y": -187.4546393972485
  },
  "Reflection": {
    "x": 149.70414966545457,
    "y": -192.66956760341773
  },
  "Savages": {
    "x": 157.80341576,
    "y": -175.75433009150532
  },
  "Silk Farms": {
    "x": 160.0884540727273,
    "y": -195.11941331947094
  },
  "The Bell Toll": {
    "x": 168.54758774545456,
    "y": -183.74483900596823
  },
  "The Grave of Rastus": {
    "x": 169.91537247272728,
    "y": -174.64993640407835
  },
  "The Vanguard": {
    "x": 171.8802176218182,
    "y": -193.38932115274545
  },
  "Abandoned Ward": {
    "x": 123.65217512727273,
    "y": -127.89307489810253
  },
  "Brine Glen": {
    "x": 138.50147607272726,
    "y": -136.9496947179016
  },
  "Callahan's Boot": {
    "x": 130.2141021090909,
    "y": -127.62822908757815
  },
  "Callahan's Gate": {
    "x": 133.81040267636365,
    "y": -112.2927188566268
  },
  "Iron's End": {
    "x": 126.19439709090909,
    "y": -118.40932626007677
  },
  "Liberation Point": {
    "x": 116.03603502545454,
    "y": -130.0868534165738
  },
  "Sun's Hollow": {
    "x": 117.4505769890909,
    "y": -136.93008815469457
  },
  "The Pits": {
    "x": 126.37646661818181,
    "y": -133.2313648266735
  },
  "The Salt Farms": {
    "x": 125.99717236363637,
    "y": -141.6090429001559
  },
  "The Salt March": {
    "x": 143.0292498618182,
    "y": -127.27134529670977
  },
  "The Spine": {
    "x": 119.01551104,
    "y": -117.35135546447341
  },
  "Fort Duncan": {
    "x": 104.10992544727273,
    "y": -118.57008456951186
  },
  "Hardline": {
    "x": 86.57057417454544,
    "y": -111.42446575609176
  },
  "Lathair": {
    "x": 103.60534665454546,
    "y": -100.2633349230642
  },
  "Outwich Ranch": {
    "x": 108.77731465454545,
    "y": -107.31365189219528
  },
  "Rotdust": {
    "x": 97.07911538181818,
    "y": -93.80899217396185
  },
  "The Crimson Gardens": {
    "x": 80.50435302545455,
    "y": -113.02142839121251
  },
  "The First Coin": {
    "x": 88.82776666909092,
    "y": -116.65088258598556
  },
  "The Last Grove": {
    "x": 87.63057708363635,
    "y": -123.34785413620199
  },
  "The Long Whine": {
    "x": 86.47377638545456,
    "y": -96.1540104968949
  },
  "The Prairie Bazaar": {
    "x": 98.4121353090909,
    "y": -117.53567712215747
  },
  "Ulster Falls": {
    "x": 91.42037362181819,
    "y": -105.838921909091
  },
  "Barronstown ": {
    "x": 86.54559834909091,
    "y": -179.45445377315673
  },
  "Barronswall": {
    "x": 88.14415357818183,
    "y": -184.8132044242159
  },
  "Barrony Ranch": {
    "x": 87.19582112727272,
    "y": -172.73705576356627
  },
  "Deeplaw Post": {
    "x": 81.13598787636363,
    "y": -185.81912471226926
  },
  "Fort Providence": {
    "x": 105.10334461818184,
    "y": -183.59749955318392
  },
  "Greenfield Orchard": {
    "x": 103.8770185090909,
    "y": -176.5544592633089
  },
  "Oleander Homestead": {
    "x": 108.349278,
    "y": -188.08882948552153
  },
  "Proexí": {
    "x": 100.19480573818183,
    "y": -201.96987314062875
  },
  "The Blemish": {
    "x": 100.03364396363637,
    "y": -187.12655193989954
  },
  "The Plough": {
    "x": 95.29949507636363,
    "y": -178.3753571475551
  },
  "Brackish Point": {
    "x": 188.6487075781818,
    "y": -114.08412526923172
  },
  "Dannan Ridge": {
    "x": 209.40200712727273,
    "y": -116.87584511357974
  },
  "Enduring Wake": {
    "x": 184.12536352,
    "y": -132.52441600774947
  },
  "Iron Junction": {
    "x": 191.27978853818183,
    "y": -139.91816627841723
  },
  "Saltbrook Channel": {
    "x": 188.68396436363636,
    "y": -123.22838731337615
  },
  "The Evil Eye": {
    "x": 209.17265672727274,
    "y": -126.3607006517405
  },
  "The Old Jack Tar": {
    "x": 180.19123092363637,
    "y": -128.2443145463306
  },
  "The Overland": {
    "x": 201.31101774545454,
    "y": -139.9582327579215
  },
  "Tuatha Watchpost": {
    "x": 214.29164436363635,