{
  "Camp Senti": {
    "x": 122.16120087272728,
    "y": -203.06383369948207
  },
  "Dendró Field": {
    "x": 140.62498909090908,
    "y": -207.06822552461603
  },
  "Leto": {
    "x": 116.1767382109091,
    "y": -208.7837514337747
  },
  "Lionsfort": {
    "x": 137.10822074181817,
    "y": -193.38856191213247
  },
  "Myrmidon's Stay": {
    "x": 132.92833978181818,
    "y": -197.72485367148244
  },
  "Remnant Villa": {
    "x": 130.37878923636364,
    "y": -206.17920251706167
  },
  "Sitaria": {
    "x": 129.74796800000001,
    "y": -213.37137684071192
  },
  "The Swan": {
    "x": 123.80142498909092,
    "y": -223.67323714213722
  },
  "Violethome": {
    "x": 119.29612753454546,
    "y": -196.2163970942793
  },
  "Checkpoint Bua": {
    "x": 169.30300185454547,
    "y": -104.53961745808868
  },
  "Lockheed": {
    "x": 169.46084214545454,
    "y": -123.91947171611511
  },
  "Maiden's Veil": {
    "x": 163.72701651636365,
    "y": -108.7081445145667
  },
  "Mox": {
    "x": 172.70073811636365,
    "y": -92.42421455528805
  },
  "Oster Wall": {
    "x": 176.84499923636366,
    "y": -106.68719559343069
  },
  "Sanctum": {
    "x": 150.13411144000003,
    "y": -98.66238486764652
  },
  "The Spitrocks": {
    "x": 156.16519356363636,
    "y": -117.00903693374596
  },
  "Blackthroat": {
    "x": 157.45109459636365,
    "y": -80.77106267930989
  },
  "Earl Crowley": {
    "x": 177.64021436363637,
    "y": -68.09508781840944
  },
  "Fleck Crossing": {
    "x": 164.40767676363637,
    "y": -69.05074250561262
  },
  "Fort Viper": {
    "x": 155.54822890909094,
    "y": -71.52797775202745
  },
  "Kirknell": {
    "x": 152.79494751272728,
    "y": -69.4740451417266
  },
  "Moltworth": {
    "x": 168.65513567272728,
    "y": -76.01669723816178
  },
  "Serenity's Blight": {
    "x": 160.29776200000003,
    "y": -61.53522918914007
  },
  "The Friars": {
    "x": 152.15902349818185,
    "y": -80.26312088003252
  },
  "Firstmarch": {
    "x": 178.82623769454545,
    "y": -183.92258233696907
  },
  "Gorgon Grove": {
    "x": 150.03270285818184,
    "y": -182.66159573736266
  },
  "Limewood Holdfast": {
    "x": 161.58571056727274,
    "y": -187.4546393972485
  },
  "Reflection": {
    "x": 149.70414966545457,
    "y": -192.66956760341773
  },
  "Savages": {
    "x": 157.80341576,
    "y": -175.75433009150532
  },
  "Silk Farms": {
    "x": 160.0884540727273,
    "y": -195.11941331947094
  },
  "The Bell Toll": {
    "x": 168.54758774545456,
    "y": -183.74483900596823
  },
  "The Grave of Rastus": {
    "x": 169.91537247272728,
    "y": -174.64993640407835
  },
  "The Vanguard": {
    "x": 171.8802176218182,
    "y": -193.38932115274545
  },
  "Abandoned Ward": {
    "x": 123.65217512727273,
    "y": -127.89307489810253
  },
  "Brine Glen": {
    "x": 133.60482210909092,
    "y": -133.32902679488478
  },
  "Callahan's Boot": {
    "x": 130.2141021090909,
    "y": -127.62822908757815
  },
  "Callahan's Gate": {
    "x": 143.65403880727274,
    "y": -126.64817583833147
  },
  "Iron's End": {
    "x": 126.19439709090909,
    "y": -118.40932626007677
  },
  "Liberation Point": {
    "x": 116.03603502545454,
    "y": -130.0868534165738
  },
  "Sun's Hollow": {
    "x": 117.4505769890909,
    "y": -136.93008815469457
  },
  "The Pits": {
    "x": 126.37646661818181,
    "y": -133.2313648266735
  },
  "The Salt Farms": {
    "x": 125.99717236363637,
    "y": -141.6090429001559
  },
  "The Salt March": {
    "x": 139.16948480000002,
    "y": -137.31851618083772
  },
  "The Spine": {
    "x": 119.01551104,
    "y": -117.35135546447341
  },
  "Fort Duncan": {
    "x": 104.10992544727273,
    "y": -118.57008456951186
  },
  "Hardline": {
    "x": 86.57057417454544,
    "y": -111.42446575609176
  },
  "Lathair": {
    "x": 103.60534665454546,
    "y": -100.2633349230642
  },
  "Outwich Ranch": {
    "x": 108.77731465454545,
    "y": -107.31365189219528
  },
  "Rotdust": {
    "x": 97.07911538181818,
    "y": -93.80899217396185
  },
  "The Crimson Gardens": {
    "x": 80.50435302545455,
    "y": -113.02142839121251
  },
  "The First Coin": {
    "x": 88.82776666909092,
    "y": -116.65088258598556
  },
  "The Last Grove": {
    "x": 87.63057708363635,
    "y": -123.34785413620199
  },
  "The Long Whine": {
    "x": 86.47377638545456,
    "y": -96.1540104968949
  },
  "The Prairie Bazaar": {
    "x": 98.4121353090909,
    "y": -117.53567712215747
  },
  "Ulster Falls": {
    "x": 91.42037362181819,
    "y": -105.838921909091
  },
  "Barronstown ": {
    "x": 86.54559834909091,
    "y": -179.45445377315673
  },
  "Barronswall": {
    "x": 88.14415357818183,
    "y": -184.8132044242159
  },
  "Barrony Ranch": {
    "x": 87.19582112727272,
    "y": -172.73705576356627
  },
  "Deeplaw Post": {
    "x": 81.13598787636363,
    "y": -185.81912471226926
  },
  "Fort Providence": {
    "x": 105.10334461818184,
    "y": -183.59749955318392
  },
  "Greenfield Orchard": {
    "x": 103.8770185090909,
    "y": -176.5544592633089
  },
  "Oleander Homestead": {
    "x": 108.349278,
    "y": -188.08882948552153
  },
  "Proexí": {
    "x": 100.19480573818183,
    "y": -201.96987314062875
  },
  "The Blemish": {
    "x": 100.03364396363637,
    "y": -187.12655193989954
  },
  "The Plough": {
    "x": 95.29949507636363,
    "y": -178.3753571475551
  },
  "Brackish Point": {
    "x": 188.6487075781818,
    "y": -114.08412526923172
  },
  "Dannan Ridge": {
    "x": 209.40200712727273,
    "y": -116.87584511357974
  },
  "Enduring Wake": {
    "x": 184.12536072727272,
    "y": -132.52441600774947
  },
  "Iron Junction": {
    "x": 191.27978853818183,
    "y": -139.91816627841723
  },
  "Saltbrook Channel": {
    "x": 189.0847509818182,
    "y": -124.88281846213377
  },
  "The Evil Eye": {
    "x": 209.17265672727274,
    "y": -126.3607006517405
  },
  "The Old Jack Tar": {
    "x": 180.19123092363637,
    "y": -128.2443145463306
  },
  "The Overland": {
    "x": 201.31101774545454,
    "y": -139.9582327579215
  },
  "Tuatha Watchpost": {
    "x": 214.29164436363635,
    "y": -130.04532652221553
  },
  "Vulpine Watch": {
    "x": 203.79558711272728,
    "y": -113.7931544388058
  },
  "Wellchurch": {
    "x": 198.49913003636362,
    "y": -126.3655660139508
  },
  "Woodbind": {
    "x": 207.0952469818182,
    "y": -137.4191114747163
  },
  "Anchor Beach": {
    "x": 225.22384552727274,
    "y": -124.73795100257482
  },
  "Blackwatch": {
    "x": 225.35017128727273,
    "y": -119.90216995266226
  },
  "Isawa": {
    "x": 238.37623371636363,
    "y": -120.26534525748079
  },
  "Promithiens": {
    "x": 246.33309538909091,
    "y": -108.75269865583462
  },
  "Protos": {
    "x": 217.38547834181819,
    "y": -107.96932696852204
  },
  "Skodio": {
    "x": 237.07091904,
    "y": -97.6782797028292
  },
  "The Axehead": {
    "x": 220.70830714181818,
    "y": -101.1139457548849
  },
  "The Fleece Road": {
    "x": 240.2461647709091,
    "y": -123.89514893601824
  },
  "Arcadia": {
    "x": 18.115893236363632,
    "y": -157.46441808070296
  },
  "Black Well": {
    "x": 18.08270353454543,
    "y": -140.35953261954973
  },
  "Eidolo": {
    "x": 21.56798015999999,
    "y": -149.08269575046367
  },
  "Fort Ember": {
    "x": 23.46931869090909,
    "y": -156.42938664157543
  },
  "Hangmen's Court": {
    "x": 36.03680785454543,
    "y": -149.60826773590438
  },
  "Oceanwatch": {
    "x": 24.70492084363636,
    "y": -141.45606110834808
  },
  "Partisan Island": {
    "x": 31.201291345454536,
    "y": -136.13299246746746
  },
  "Peripti Landing": {
    "x": 13.692931898181797,
    "y": -146.30163536247758
  },
  "The Satyr Stones": {
    "x": 34.70879389090908,
    "y": -155.40434269867697
  },
  "The Three Sisters": {
    "x": 28.17883898181816,
    "y": -161.2713108663086
  },
  "Handsome Hideaway": {
    "x": 50.45787783272726,
    "y": -168.28110355334047
  },
  "Holdfast": {
    "x": 56.52645511272726,
    "y": -159.34943002419908
  },
  "Kingstone": {
    "x": 64.86371044363634,