{
  "Camp Senti": {
    "x": 122.16120087272728,
    "y": -203.06383369948207
  },
  "Dendró Field": {
    "x": 140.62498909090908,
    "y": -207.06822552461603
  },
  "Leto": {
    "x": 116.1767382109091,
    "y": -208.7837514337747
  },
  "Lionsfort": {
    "x": 137.10822074181817,
    "y": -193.38856191213247
  },
  "Myrmidon's Stay": {
    "x": 132.92833978181818,
    "y": -197.72485367148244
  },
  "Remnant Villa": {
    "x": 130.37878923636364,
    "y": -206.17920251706167
  },
  "Sitaria": {
    "x": 129.74796800000001,
    "y": -213.37137684071192
  },
  "The Swan": {
    "x": 123.80142498909092,
    "y": -223.67323714213722
  },
  "Violethome": {
    "x": 119.29612753454546,
    "y": -196.2163970942793
  },
  "Checkpoint Bua": {
    "x": 169.037474,
    "y": -105.71606204053774
  },
  "Lockheed": {
    "x": 169.46084214545454,
    "y": -123.91947171611511
  },
  "Maiden's Veil": {
    "x": 163.72701651636365,
    "y": -108.7081445145667
  },
  "Mox": {
    "x": 172.70073811636365,
    "y": -92.4242129429062
  },
  "Oster Wall": {
    "x": 176.84499923636366,
    "y": -106.68719559343069
  },
  "Sanctum": {
    "x": 150.13411050909093,
    "y": -98.66238567383746
  },
  "The Spitrocks": {
    "x": 156.16519356363636,
    "y": -117.00903693374596
  },
  "Blackthroat": {
    "x": 157.45109459636365,
    "y": -80.77106267930989
  },
  "Earl Crowley": {
    "x": 177.64021436363637,
    "y": -68.09508781840944
  },
  "Fleck Crossing": {
    "x": 164.40767676363637,
    "y": -69.05074250561262
  },
  "Fort Viper": {
    "x": 155.54822890909094,
    "y": -71.52797775202745
  },
  "Kirknell": {
    "x": 152.79494751272728,
    "y": -69.4740451417266
  },
  "Moltworth": {
    "x": 168.65513567272728,
    "y": -76.01669723816178
  },
  "Serenity's Blight": {
    "x": 160.29776200000003,
    "y": -61.53522918914007
  },
  "The Friars": {
    "x": 152.15902349818185,
    "y": -80.26312088003252
  },
  "Firstmarch": {
    "x": 178.82623769454545,
    "y": -183.9225811276827
  },
  "Gorgon Grove": {
    "x": 150.03270425454548,
    "y": -182.66159573736266
  },
  "Limewood Holdfast": {
    "x": 161.58571196363636,
    "y": -187.4546385910576
  },
  "Reflection": {
    "x": 149.70414966545457,
    "y": -192.66956760341773
  },
  "Savages": {
    "x": 157.80341576,
    "y": -175.75433009150532
  },
  "Silk Farms": {
    "x": 160.0884540727273,
    "y": -195.11941331947094
  },
  "The Bell Toll": {
    "x": 168.54758774545456,
    "y": -183.74483900596823
  },
  "The Grave of Rastus": {
    "x": 169.91537247272728,
    "y": -174.64993640407835
  },
  "The Vanguard": {
    "x": 171.8802176218182,
    "y": -193.38932316822275
  },
  "Abandoned Ward": {
    "x": 123.65217512727273,
    "y": -127.89307489810253
  },
  "Brine Glen": {
    "x": 133.60482210909092,
    "y": -133.32902679488478
  },
  "Callahan's Belt": {
    "x": 134.80309294545455,
    "y": -124.71604980814513
  },
  "Callahan's Boot": {
    "x": 130.2141021090909,
    "y": -127.62822908757815
  },
  "Callahan's Gate": {
    "x": 143.65403880727274,
    "y": -126.64817583833147
  },
  "Iron's End": {
    "x": 126.19439709090909,
    "y": -118.40932626007677
  },
  "Liberation Point": {
    "x": 116.03603502545454,
    "y": -130.0868534165738
  },
  "Sun's Hollow": {
    "x": 117.4505769890909,
    "y": -136.93008815469457
  },
  "The Pits": {
    "x": 126.37646661818181,
    "y": -133.2313648266735
  },
  "The Salt Farms": {
    "x": 125.99717236363637,
    "y": -141.6090429001559
  },
  "The Salt March": {
    "x": 139.16948480000002,
    "y": -137.31851618083772
  },
  "The Spine": {
    "x": 119.01551104,
    "y": -117.35135546447341
  },
  "Barronstown ": {
    "x": 86.54559834909091,
    "y": -179.4544561917295
  },
  "Barronswall": {
    "x": 88.14415357818183,
    "y": -184.81320200564315
  },
  "Barrony Ranch": {
    "x": 87.19582112727272,
    "y": -172.7370575371863
  },
  "Deeplaw Post": {
    "x": 81.13598741090908,
    "y": -185.81912471226926
  },
  "Fort Providence": {
    "x": 105.10334461818184,
    "y": -183.59749955318392
  },
  "Greenfield Orchard": {
    "x": 103.8770185090909,
    "y": -176.554458457118
  },
  "Oleander Homestead": {
    "x": 108.349278,
    "y": -188.0888278731397
  },
  "Proexí": {
    "x": 100.19480573818183,
    "y": -201.96987314062875
  },
  "The Blemish": {
    "x": 100.03364396363637,
    "y": -187.12655395537683
  },
  "The Plough": {
    "x": 95.29949181818182,
    "y": -178.37535835684147
  },
  "Fort Duncan": {
    "x": 104.10992544727273,
    "y": -118.57008456951186
  },
  "Hardline": {
    "x": 86.57057417454544,
    "y": -111.42446575609176
  },
  "Lathair": {
    "x": 103.60534665454546,
    "y": -100.2633349230642
  },
  "Outwich Ranch": {
    "x": 108.77731465454545,
    "y": -107.31365189219528
  },
  "Rotdust": {
    "x": 97.07911351999999,
    "y": -93.80899217396185
  },
  "The Crimson Gardens": {
    "x": 80.50435256,
    "y": -113.02142839121251
  },
  "The First Coin": {
    "x": 88.82776666909092,
    "y": -116.65088258598556
  },
  "The Last Grove": {
    "x": 87.63057708363635,
    "y": -123.34785413620199
  },
  "The Long Whine": {
    "x": 86.47377638545456,
    "y": -96.1540104968949
  },
  "The Prairie Bazaar": {
    "x": 98.4121353090909,
    "y": -117.53567712215747
  },
  "Ulster Falls": {
    "x": 91.42037362181819,
    "y": -105.838921909091
  },
  "Amethyst": {
    "x": 142.79449134545456,
    "y": -163.8289496626345
  },
  "Atropos' Fate": {
    "x": 131.39796247272727,
    "y": -179.7709083476123
  },
  "Clotho's Refuge": {
    "x": 133.27713000727272,
    "y": -161.2144055908787
  },
  "GoldenRoot Ranch": {
    "x": 112.0214467490909,
    "y": -170.3454884289365
  },
  "Hermit's Rest": {
    "x": 135.96978501818182,
    "y": -173.0525082427066
  },
  "Lachesis' Tally ": {
    "x": 143.85133381818184,
    "y": -170.11340823293273
  },
  "Sentry": {
    "x": 123.15848145454544,
    "y": -181.42168221125524
  },
  "Stray": {
    "x": 136.22575476363636,
    "y": -155.59300882122403
  },
  "The Foundry": {
    "x": 117.57242368000001,
    "y": -157.21070668684163
  },
  "Thunder Row": {
    "x": 116.86868852363637,
    "y": -174.88670424620034
  },
  "Vagrant Bastion": {
    "x": 128.3564776727273,
    "y": -154.668955608851
  },
  "Brodytown": {
    "x": 125.39939607272726,
    "y": -40.23701248158349
  },
  "Dwyerstown": {
    "x": 111.73788020363637,
    "y": -41.89529722294512
  },
  "Elksford": {
    "x": 120.11038347636364,
    "y": -47.267012633305825
  },
  "Fort Mac Conaill": {
    "x": 137.40823086545456,
    "y": -61.41976358986895
  },
  "Harpy": {
    "x": 125.36230074181819,
    "y": -64.16439624107423
  },
  "Ice Ranch": {
    "x": 137.5046777018182,
    "y": -42.86190280452834
  },
  "Mousetrap": {
    "x": 143.8301370181818,
    "y": -48.71770160004024
  },
  "Nightchurch": {
    "x": 122.33191191272726,
    "y": -57.25181820014069
  },
  "Reprieve": {
    "x": 130.07993669818183,
    "y": -54.47782125391194
  },
  "The Ark": {
    "x": 139.2446761890909,
    "y": -49.71472194341746
  },
  "Cragstown": {
    "x": 128.7768832,
    "y": -73.16969820547214
  },
  "Crumbling Post": {
    "x": 121.19779840000001,
    "y": -96.75534327674282
  },
  "Lochan Berth": {
    "x": 130.91840698181818,
    "y": -84.61672328469393
  },
  "Overlook Hill": {
    "x": 129.17435112727273,
    "y": -93.66237165224445
  },
  "Scáth Passing": {
    "x": 120.97626996363635,
    "y": -88.97403969708154
  },
  "Solas Gorge": {
    "x": 113.76032442181818,
    "y": -80.86728208271583
  },
  "The Crumbling Passage": {
    "x": 125.9262403490909,
    "y": -99.16757938012452
  },
  "The Latch": {
    "x": 138.5722018909091,
    "y": -95.07246608442114
  },
  "The Procession": {
    "x": 139.70100596363636,
    "y": -85.24353471055937
  },
  "White Chapel": {
    "x": 140.26323316363636,
    "y": -78.29782947847701
  },
  "Bootnap": {
    "x": 177.2646972727273,
    "y": -150.50399422096967
  },